Name,ScorePct,Score,Price,
AMD EPYC 9654,86%,126045,7120.00,
AMD Ryzen Threadripper PRO 5995WX,66%,96318,7010.01,
AMD EPYC 7773X,62%,90731,4150.00,
AMD EPYC 7763,59%,85944,4012.00,
AMD EPYC 7J13,59%,85661,
AMD EPYC 7713,58%,85165,3499.99,
AMD EPYC 7713P,57%,83439,4550.00,
AMD Ryzen Threadripper PRO 3995WX,57%,83097,6699.95,
AMD EPYC 7V13,57%,82878,
AMD Ryzen Threadripper 3990X,55%,81112,4999.99,
AMD EPYC 9354P,54%,79341,
AMD EPYC 7B13,53%,77460,
AMD EPYC 7643,52%,76455,4550.00*,
AMD Ryzen Threadripper PRO 5975WX,52%,76434,3199.99,
AMD EPYC 7T83,51%,74892,
AMD EPYC 7662,50%,73143,3999.99*,
AMD EPYC 7702,48%,70628,1995.00,
AMD EPYC 75F3,47%,68505,4309.88,
AMD EPYC 7543P,46%,67081,2350.00*,
AMD Ryzen Threadripper PRO 5965WX,45%,66337,2199.99,
AMD EPYC 7742,45%,65629,2098.00,
AMD EPYC 7R32,44%,64727,
AMD Ryzen 9 7950X3D,44%,64186,1244.00,
AMD Ryzen 9 7950X,43%,63510,578.99,
AMD Ryzen Threadripper 3970X,43%,63479,2547.98,
AMD Ryzen Threadripper PRO 3975WX,43%,62862,3400.00,
Intel Xeon Platinum 8380 @ 2.30GHz,42%,62318,8978.00*,
Intel Core i9-13900KS,42%,62281,766.49,
AMD EPYC 7702P,42%,62007,1898.30,
AMD EPYC 7642,42%,61573,1830.00,
AMD EPYC 74F3,41%,60587,3100.00,
Intel Core i9-13900K,41%,60087,569.99,
AMD EPYC 7513,41%,59988,2840.00*,
AMD Ryzen 9 7945HX,41%,59824,
Intel Core i9-13900KF,41%,59620,568.74,
Intel Xeon W-3365 @ 2.70GHz,40%,59038,3851.00*,
AMD EPYC 7443P,39%,57613,1683.99*,
AMD EPYC 7542,39%,56728,1298.16,
AMD EPYC 7543,39%,56562,3761.00*,
Intel Xeon W-3375 @ 2.50GHz,38%,56403,4499.00*,
Intel Core i9-13900F,38%,55897,559.99,
AMD Ryzen Threadripper 3960X,37%,54797,1299.97,
AMD EPYC 7532,37%,54670,2406.99,
Intel Xeon Platinum 8358 @ 2.60GHz,37%,54416,5097.75*,
Intel Xeon Gold 6348 @ 2.60GHz,36%,52276,2080.00,
AMD Ryzen 9 7900X,36%,52258,432.00,
Intel Xeon Platinum 8375C @ 2.90GHz,35%,51836,
AMD EPYC 7443,35%,51764,2230.99*,
AMD Ryzen 9 7900X3D,35%,51547,589.99,
Intel Xeon Gold 6314U @ 2.30GHz,35%,51014,2782.00*,
Intel Core i9-13900,34%,50519,579.99,
AMD EPYC 7413,34%,50223,1997.99*,
AMD EPYC 7453,34%,50209,2610.00,
AMD Ryzen Threadripper PRO 5955WX,34%,49585,1299.00,
Intel Core i9-13980HX,34%,49457,668.00*,
Intel Xeon Platinum 8347C @ 2.10GHz,34%,49386,
AMD EPYC 7502P,33%,49191,1699.87,
AMD EPYC 7502,33%,49178,1230.00,
AMD Ryzen 9 7900,33%,49047,429.00,
AMD EPYC 7R12,33%,48934,
Intel Xeon W-3345 @ 3.00GHz,33%,48261,2499.00*,
AMD EPYC 7402,32%,47668,1520.00,
Intel Xeon Gold 6342 @ 2.80GHz,32%,47320,3272.00*,
Intel Core i7-13700K,32%,47046,417.94,
Intel Core i7-13700KF,32%,46796,396.98,
Intel Xeon Gold 6338N @ 2.20GHz,32%,46583,4671.69*,
AMD Ryzen 9 7845HX,32%,46456,
Intel Core i9-13900HX,31%,46383,668.00*,
ARM Neoverse-N1 128 Core 3000 MHz,31%,46271,
AMD EPYC 73F3,31%,46085,3977.49,
AMD Ryzen 9 5950X,31%,45896,456.99,
Intel Xeon Gold 6336Y @ 2.40GHz,31%,45517,2857.95*,
AMD EPYC 7343,30%,44930,1699.99*,
Intel Core i9-12900KS,30%,44537,512.99,
Intel Xeon Gold 6312U @ 2.40GHz,30%,44275,1809.59*,
Intel Core i9-13900T,30%,44273,549.00*,
ARM Neoverse-N1 128 Core 2800 MHz,29%,43111,
Intel Xeon Gold 6330 @ 2.00GHz,29%,43056,1315.00,
AMD EPYC 7601,29%,42244,875.87,
Intel Core i9-13950HX,29%,42211,590.00*,
Intel Core i7-13700F,29%,42166,369.97,
AMD EPYC 7313P,29%,42057,913.00*,
AMD EPYC 7402P,28%,42019,888.86,
AMD EPYC 7452,28%,41871,2118.00,
Intel Core i9-12900K,28%,41587,427.99,
Intel Xeon Gold 6354 @ 3.00GHz,28%,41445,2757.99*,
Intel Core i9-12900KF,28%,41384,399.99,
AMD EPYC 7551P,28%,41150,368.51,
AMD EPYC 7F52,28%,41023,3100.00*,
Apple M1 Ultra 20 Core,28%,40923,
AMD Ryzen Threadripper PRO 5945WX,28%,40838,
Intel Xeon Platinum 8275CL @ 3.00GHz,28%,40794,
AMD EPYC 7313,27%,40512,2390.97,
AMD EPYC 7K62,27%,40487,
AMD Ryzen Threadripper PRO 3955WX,27%,40256,1139.99,
AMD EPYC 7352,27%,39999,989.00,
Intel Xeon W-3275M @ 2.50GHz,27%,39979,7453.00*,
Intel Core i7-13700,27%,39655,392.00,
Intel Xeon W-3335 @ 3.40GHz,27%,39317,1299.00*,
AMD Ryzen 9 5900X,27%,39270,340.00,
AMD Ryzen 9 3950X,26%,38995,590.00,
Intel Xeon Gold 6248R @ 3.00GHz,26%,38604,2367.29,
Intel Core i5-13600K,26%,38501,319.84,
Intel Core i5-13600KF,26%,38315,296.94,
Intel Xeon Gold 6346 @ 3.10GHz,26%,37722,1700.00,
Intel Xeon Platinum 8280 @ 2.70GHz,25%,37575,5595.00,
Intel Xeon Gold 5320 @ 2.20GHz,25%,37558,1668.95,
Intel Xeon Gold 6238R @ 2.20GHz,25%,37511,2392.50,
Intel Core i9-12900F,25%,37319,486.97,
Intel Xeon Silver 4316 @ 2.30GHz,25%,37264,950.00,
Intel Xeon W-3175X @ 3.10GHz,25%,37167,1497.27,
AMD Ryzen 7 7700X,25%,36507,344.99,
ARM Neoverse-N1 80 Core 3000 MHz,25%,36400,
AMD EPYC 7D12,24%,35853,
Intel Core i9-12900HX,24%,35795,606.00*,
Intel Xeon Gold 6326 @ 2.90GHz,24%,35328,1349.15,
AMD Ryzen 7 7700,24%,35289,328.98,
Intel Xeon Platinum 8180 @ 2.50GHz,24%,35208,5945.00,
Intel Xeon Gold 6242R @ 3.10GHz,24%,34963,2000.00,
Intel Core i9-12900,24%,34864,538.10,
Intel Core i7-12700K,24%,34792,409.00*,
AMD Ryzen 9 5900,23%,34568,
Intel Core i7-12700KF,23%,34565,276.99,
AMD Ryzen 9 PRO 5945,23%,34271,
Intel Xeon Gold 6230R @ 2.10GHz,23%,34145,1399.12,
Intel Xeon Platinum 8260M @ 2.30GHz,23%,33970,7705.00*,
Intel Xeon D-2799 @ 2.40GHz,23%,33792,1933.00*,
Intel Core i7-12800HX,23%,33572,457.00*,
AMD Ryzen Threadripper PRO 3945WX,23%,33431,
Intel Xeon Gold 5220R @ 2.20GHz,23%,33370,1478.00,
Intel Xeon Platinum 8259CL @ 2.50GHz,22%,33279,
Intel Core i9-10980XE @ 3.00GHz,22%,33076,979.00,
Intel Core i7-13650HX,22%,33004,485.00*,
Intel Core i9-13900H,22%,32976,617.00*,
Intel Xeon Gold 6278C @ 2.60GHz,22%,32835,
Intel Core i5-13500,22%,32830,249.98,
AMD Ryzen 9 3900XT,22%,32821,424.95,
Intel Core i9-12950HX,22%,32796,590.00*,
AMD Ryzen 9 3900X,22%,32733,259.99,
AMD EPYC 7302,22%,32691,567.68,
Intel Xeon Platinum 8168 @ 2.70GHz,22%,32616,2450.00,
AMD EPYC 7302P,22%,32543,849.99,
Intel Core i5-13600,22%,32354,255.00*,
Intel Core i9-9980XE @ 3.00GHz,22%,32263,1174.01,
AMD Ryzen Threadripper 2990WX,22%,32091,2998.95,
Intel Xeon W-3265M @ 2.70GHz,22%,32025,6353.00*,
Intel Core i7-13700HX,22%,31983,485.00*,
Intel Xeon Platinum 8173M @ 2.00GHz,21%,31837,
Intel Xeon Gold 5318Y @ 2.10GHz,21%,31695,1361.00*,
Intel Xeon Platinum 8268 @ 2.90GHz,21%,31632,6005.98*,
Intel Core i9-12900E,21%,31530,
AMD Ryzen 9 PRO 3900,21%,31446,
Intel Core i9-12900T,21%,31356,489.00*,
Intel Core i7-12700,21%,31178,325.00,
Intel Xeon W-2295 @ 3.00GHz,21%,31102,1670.26,
Intel Core i7-12700F,21%,31100,289.99,
AMD EPYC 7371,21%,31094,609.99,
Intel Core i7-13800H,21%,30724,457.00*,
AMD Ryzen 9 3900,21%,30681,504.15,
Intel Xeon Platinum 8171M @ 2.60GHz,21%,30632,
Intel Core i7-13700H,21%,30597,502.00*,
AMD EPYC Embedded 7292P,21%,30542,
Intel Xeon Gold 6246R @ 3.40GHz,21%,30468,2248.68,
Intel Core i7-12850HX,20%,30375,428.00*,
Intel Core i9-7980XE @ 2.60GHz,20%,30369,876.32,
Intel Core i9-9960X @ 3.10GHz,20%,30354,1600.00,
Intel Core i7-13700T,20%,30304,384.00*,
Intel Core i9-9990XE @ 4.00GHz,20%,30162,2163.00*,
Intel Xeon W-3265 @ 2.70GHz,20%,30105,4551.37*,
Intel Xeon W-3245 @ 3.20GHz,20%,30045,2683.99*,
AMD Ryzen Threadripper 2970WX,20%,30011,1109.00,
Intel Core i7-12800HE,20%,29805,506.00*,
Intel Xeon Gold 6248 @ 2.50GHz,20%,29504,1784.00,
AMD EPYC 7282,20%,29489,619.61,
Intel Xeon Gold 6154 @ 3.00GHz,20%,29488,2193.00,
Intel Core i5-13500T,20%,29421,232.00*,
AMD Ryzen Threadripper 2950X,20%,29370,1011.33,
Intel Xeon Platinum 8260 @ 2.40GHz,20%,29360,3245.00,
Intel Xeon Gold 6254 @ 3.10GHz,20%,29356,2695.88,
Intel Xeon Silver 4314 @ 2.40GHz,20%,29347,719.10,
Intel Core i9-12900H,20%,29058,617.00*,
Intel Xeon Gold 6148 @ 2.40GHz,19%,28982,399.00,
Intel Xeon Gold 6210U @ 2.50GHz,19%,28915,2552.89,
Intel Xeon W-2191B @ 2.30GHz,19%,28815,
AMD Ryzen 5 7600X,19%,28784,249.99,
Intel Core i9-12900HK,19%,28628,635.00*,
Intel Xeon Gold 6253CL @ 3.10GHz,19%,28549,
AMD Ryzen 7 7840HS,19%,28429,
Intel Core i9-9940X @ 3.30GHz,19%,28402,849.99,
Intel Core i7-12700E,19%,28292,344.00*,
AMD EPYC 7401P,19%,28282,258.30,
Intel Xeon W-2195 @ 2.30GHz,19%,28180,1983.82*,
ARM Neoverse-N1 64 Core 0 MHz,19%,28079,
AMD Ryzen 7 5800X,19%,28078,212.65,
Intel Xeon W-2275 @ 3.30GHz,19%,28037,2058.00*,
Intel Core i9-10940X @ 3.30GHz,19%,28034,720.89,
AMD Ryzen 7 5800X3D,19%,27995,319.00,
Intel Core i5-12600K,19%,27815,228.36,
AMD Ryzen Threadripper 1950X,19%,27771,694.65*,
AMD Ryzen 5 7600,19%,27757,229.00,
Intel Xeon Gold 6238 @ 2.10GHz,19%,27617,1495.95*,
Intel Xeon W-3245M @ 3.20GHz,18%,27503,5002.00*,
Intel Xeon Gold 6212U @ 2.40GHz,18%,27470,2000.00*,
AMD EPYC 7571,18%,27445,
Intel Core i5-12600KF,18%,27436,213.82,
Intel Xeon Gold 5317 @ 3.00GHz,18%,27402,978.75,
Intel Xeon Platinum 8124M @ 3.00GHz,18%,27336,
AMD EPYC 72F3,18%,27252,2800.11,
Intel Xeon Gold 6252 @ 2.10GHz,18%,27148,3103.14,
Intel Core i5-13600T,18%,27143,255.00*,
Intel Xeon Gold 6226R @ 2.90GHz,18%,27092,1099.31,
Intel Xeon Gold 6208U @ 2.90GHz,18%,27085,837.89,
Intel Core i9-7960X @ 2.80GHz,18%,27016,365.53,
Intel Xeon Gold 6230 @ 2.10GHz,18%,26888,1890.00,
AMD Ryzen 7 5700X,18%,26826,189.00,
AMD Ryzen 7 PRO 5845,18%,26777,
Intel Core i7-12700H,18%,26739,457.00*,
Intel Xeon Platinum 8175M @ 2.50GHz,18%,26659,
Intel Xeon Platinum 8160 @ 2.10GHz,18%,26485,2860.00,
AMD Ryzen Threadripper 2990X,18%,26469,
Apple M2 Pro 12 Core 3480 MHz,18%,26457,
AMD EPYC 7272,18%,26446,620.00,
Intel Core i9-10920X @ 3.50GHz,18%,26360,699.99,
Intel Core i9-7940X @ 3.10GHz,18%,26334,590.00,
Intel Xeon Gold 6242 @ 2.80GHz,18%,26288,1295.55,
Intel Core i5-13400F,18%,26158,209.93,
Intel Core i5-13400,17%,26071,239.99,
Apple M2 Max 12 Core 3680 MHz,17%,26067,
Intel Xeon W-3235 @ 3.30GHz,17%,26063,1998.95*,
Intel Xeon W-2265 @ 3.50GHz,17%,26052,1190.64*,
AMD Ryzen 7 5800,17%,25941,
Intel Xeon Gold 5218R @ 2.10GHz,17%,25916,940.00,
Intel Xeon W-3323 @ 3.50GHz,17%,25875,949.00*,
Intel Xeon E5-2698R v4 @ 2.20GHz,17%,25605,
Intel Core i9-11900K @ 3.50GHz,17%,25524,342.10,
Intel Xeon Gold 6150 @ 2.70GHz,17%,25487,473.00,
AMD EPYC 7351P,17%,25484,339.97,
AMD Ryzen 7 7735H,17%,25461,
Intel Xeon W-1390P @ 3.50GHz,17%,25451,
Intel Xeon Platinum 8167M @ 2.00GHz,17%,25396,
Intel Core i9-11900KF @ 3.50GHz,17%,25389,349.29,
Intel Core i9-9920X @ 3.50GHz,17%,25293,799.99,
Intel Xeon E5-2696 v4 @ 2.20GHz,17%,25139,2498.95,
Intel Xeon W-1370P @ 3.60GHz,17%,24961,499.99,
AMD Ryzen Threadripper 2920X,17%,24951,1145.00,
AMD EPYC 7501,17%,24925,3616.00*,
Intel Xeon Gold 6138T @ 2.00GHz,17%,24800,3345.78*,
AMD Ryzen 9 6900HX,17%,24787,
Intel Xeon Gold 6143 @ 2.80GHz,17%,24786,
Intel Xeon Gold 5220 @ 2.20GHz,17%,24736,1399.12,
Intel Xeon E5-2699 v4 @ 2.20GHz,17%,24667,7455.88*,
Intel Core i7-11700K @ 3.60GHz,17%,24666,279.99,
AMD Ryzen 7 5700G,16%,24632,178.00,
AMD Ryzen 7 PRO 5750G,16%,24568,
Intel Core i7-12800H,16%,24538,457.00*,
AMD Ryzen 7 7735HS,16%,24481,
Intel Core i7-12650H,16%,24460,457.00*,
Intel Xeon Gold 6246 @ 3.30GHz,16%,24446,3113.22*,
Intel Xeon E5-2679 v4 @ 2.50GHz,16%,24131,2702.00*,
Intel Core i5-12600HX,16%,24128,284.00*,
Intel Core i7-11700KF @ 3.60GHz,16%,24103,269.87,
Intel Core i5-13500H,16%,24074,
AMD Ryzen 9 6900HS,16%,24009,
Intel Xeon W-2170B @ 2.50GHz,16%,23964,
Intel Xeon W-1370 @ 2.90GHz,16%,23908,469.99,
Intel Xeon W-1390 @ 2.80GHz,16%,23902,573.99,
AMD Ryzen 7 5700,16%,23862,
AMD Ryzen 7 7736U,16%,23860,
Intel Xeon E-2388G @ 3.20GHz,16%,23844,539.00*,
Intel Xeon Gold 6122 @ 1.80GHz,16%,23781,2002.00*,
AMD Ryzen 9 5980HX,16%,23754,
AMD Ryzen 7 6800H,16%,23739,
AMD Ryzen 7 3800XT,16%,23730,217.18,
Intel Xeon W-11865MRE @ 2.60GHz,16%,23702,480.00*,
Intel Core i9-7920X @ 2.90GHz,16%,23634,259.99,
Intel Core i7-1370P,16%,23606,
AMD EPYC 7351,16%,23566,899.00,
Intel Xeon Gold 6146 @ 3.20GHz,16%,23417,1667.00,
Intel Xeon Silver 4310 @ 2.10GHz,16%,23372,478.81,
Intel Core i9-11980HK @ 2.60GHz,16%,23354,583.00*,
Intel Core i9-10900K @ 3.70GHz,16%,23326,343.99,
Intel Xeon E5-2696 v3 @ 2.30GHz,16%,23322,2498.00*,
AMD EPYC 7F32,16%,23311,2465.51*,
AMD Ryzen 9 PRO 6950HS,16%,23295,
AMD Ryzen 7 PRO 6850H,16%,23274,
AMD Ryzen 7 3800X,16%,23270,304.99,
Intel Core i5-12600H,15%,23180,311.00*,
Intel Xeon Platinum 8176 @ 2.10GHz,15%,23179,2793.70*,
Intel Core i9-11900KB @ 3.30GHz,15%,23147,539.00*,
AMD Ryzen 7 6800HS Creator Edition,15%,23087,
Intel Xeon E5-2698 v4 @ 2.20GHz,15%,23048,908.70*,
Intel Xeon W-11955M @ 2.60GHz,15%,23013,623.00*,
Intel Core i9-11900 @ 2.50GHz,15%,23006,389.00,
Intel Core i9-10900KF @ 3.70GHz,15%,23005,368.99,
AMD Ryzen 7 PRO 3700,15%,22998,329.99*,
AMD Ryzen 7 6800HS,15%,22971,
Intel Xeon W-2175 @ 2.50GHz,15%,22962,800.00*,
Intel Core i9-11900F @ 2.50GHz,15%,22933,418.99,
AMD Ryzen 9 5900HX,15%,22869,
Intel Core i7-11700B @ 3.20GHz,15%,22832,
Intel Xeon Gold 6152 @ 2.10GHz,15%,22802,341.00,
Intel Xeon E-2378G @ 2.80GHz,15%,22755,530.00*,
Intel Core i9-10850K @ 3.60GHz,15%,22743,299.99,
Intel Xeon Gold 6140 @ 2.30GHz,15%,22733,316.20,
Intel Xeon W-1290P @ 3.70GHz,15%,22730,649.40*,
AMD Ryzen 9 PRO 6950H,15%,22698,
AMD Ryzen Threadripper 1920X,15%,22696,209.99,
AMD Ryzen 7 3700X,15%,22682,161.50,
Intel Xeon Platinum P-8124 @ 3.00GHz,15%,22674,
Intel Core i9-10900X @ 3.70GHz,15%,22513,515.00,
Intel Xeon Gold 6132 @ 2.60GHz,15%,22503,252.00,
AMD Ryzen 9 6900HS Creator Edition,15%,22399,
Intel Xeon Gold 5218 @ 2.30GHz,15%,22376,749.00,
Intel Xeon W-2255 @ 3.70GHz,15%,22228,778.00*,
Intel Xeon Gold 6136 @ 3.00GHz,15%,22217,499.00,
AMD Ryzen 7 5700GE,15%,22196,
Intel Xeon Gold 6334 @ 3.60GHz,15%,22160,2751.29*,
AMD Ryzen 9 5900HS Creator Edition,15%,22138,
Apple M1 Max 10 Core 3200 MHz,15%,22138,
AMD Ryzen 7 PRO 5750GE,15%,22135,
AMD Ryzen Threadripper 1920,15%,22066,
AMD Ryzen 9 5900HS,15%,22024,
AMD EPYC 7551,15%,22005,588.00,
AMD EPYC 7281,15%,21981,999.99*,
Intel Xeon E5-2673 v4 @ 2.30GHz,15%,21970,1950.00*,
AMD Ryzen 5 5600X,15%,21943,156.01,
Apple M1 Pro 10 Core 3200 MHz,15%,21928,
AMD Ryzen 7 PRO 6850HS,15%,21910,
AMD Ryzen 5 PRO 5645,15%,21904,
Intel Core i9-9900X @ 3.50GHz,15%,21879,560.29,
Intel Core i9-10910 @ 3.60GHz,15%,21839,
Intel Core i9-11950H @ 2.60GHz,15%,21811,556.00*,
Intel Xeon Gold 6130T @ 2.10GHz,15%,21804,2550.00*,
Intel Core i7-12700T,14%,21725,339.00*,
Apple M2 Pro 10 Core 3480 MHz,14%,21721,
Intel Core i5-12500H,14%,21700,311.00*,
Intel Xeon E5-2697A v4 @ 2.60GHz,14%,21693,
Intel Xeon E7-8891 v3 @ 2.80GHz,14%,21615,6841.00*,
AMD Ryzen 5 5600,14%,21563,123.88,
Intel Xeon E5-2699C v4 @ 2.20GHz,14%,21493,
Intel Xeon Gold 5218T @ 2.10GHz,14%,21433,1349.00*,
Intel Core i5-12600,14%,21393,260.00,
AMD Ryzen 7 5800H,14%,21301,
Intel Core i7-11700F @ 2.50GHz,14%,21190,252.82,
Intel Core i9-7900X @ 3.30GHz,14%,21183,1498.95,
AMD Ryzen 7 5800HS Creator Edition,14%,21166,
Intel Core i9-11900H @ 2.50GHz,14%,21114,546.00*,
Intel Xeon W-2155 @ 3.30GHz,14%,21079,1530.39*,
AMD Ryzen 9 5980HS,14%,21058,
Intel Core i7-7900X @ 3.30GHz,14%,21008,
Intel Core i7-11800H @ 2.30GHz,14%,20995,395.00*,
AMD Ryzen 7 PRO 6850U,14%,20977,
Intel Xeon Silver 4310T @ 2.30GHz,14%,20973,783.99*,
AMD Ryzen 7 PRO 6860Z,14%,20965,
AMD Ryzen 9 5900H,14%,20960,
Intel Xeon Gold 6130 @ 2.10GHz,14%,20956,393.25,
Intel Xeon Gold 6250 @ 3.90GHz,14%,20915,3120.00,
Intel Core i7-11850H @ 2.50GHz,14%,20910,395.00*,
Intel Core i7-1360P,14%,20856,480.00*,
AMD Ryzen 7 PRO 4700G,14%,20848,
Intel Xeon E5-2697R v4 @ 2.30GHz,14%,20843,
Intel Xeon D-2796TE @ 2.00GHz,14%,20806,2184.00*,
AMD EPYC 7262,14%,20795,487.20,
Intel Core i5-12490F,14%,20766,189.99,
Intel Xeon Gold 5315Y @ 3.20GHz,14%,20724,1523.89,
Intel Core i7-12700TE,14%,20712,344.00*,
Intel Core i5-12500E,14%,20699,225.00*,
AMD Ryzen 7 6800U,14%,20673,
AMD Ryzen 7 5800HS,14%,20655,
Intel Xeon Silver 4216 @ 2.10GHz,14%,20613,912.40,
AMD Ryzen 7 PRO 4750G,14%,20559,199.99,
Intel Core i9-10900F @ 2.80GHz,14%,20509,355.95,
Intel Core i7-1280P,14%,20480,482.00*,
AMD EPYC 7451,14%,20471,1399.00*,
Intel Xeon W-2150B @ 3.00GHz,14%,20430,
Intel Xeon E5-4667 v4 @ 2.20GHz,14%,20319,5729.00*,
AMD Ryzen 7 4700GE,13%,20249,
AMD Ryzen 7 4700G,13%,20231,235.22,
Intel Core i9-10900 @ 2.80GHz,13%,20220,445.99,
Intel Xeon W-1290 @ 3.20GHz,13%,20157,588.67*,
Intel Core i7-11700 @ 2.50GHz,13%,20121,254.99,
AMD Ryzen 5 PRO 6650H,13%,20103,
AMD Ryzen 5 PRO 5650G,13%,20070,
Intel Xeon W-1350P @ 4.00GHz,13%,20032,359.99,
Intel Xeon E5-2690 v4 @ 2.60GHz,13%,20001,402.45,
Intel Xeon E5-2699 v3 @ 2.30GHz,13%,19986,549.89,
Intel Core i5-12500,13%,19930,202.00*,
AMD Ryzen 5 5600G,13%,19899,128.54,
Intel Xeon E5-2697 v4 @ 2.30GHz,13%,19836,437.45,
Intel Xeon D-1747NTE @ 2.50GHz,13%,19822,1201.00*,
Intel Xeon Gold 6226 @ 2.70GHz,13%,19810,1300.00,
Intel Xeon E5-2686 v4 @ 2.30GHz,13%,19782,
Intel Core i5-11600K @ 3.90GHz,13%,19754,194.07,
Intel Core i5-12400F,13%,19753,161.01,
Intel Core i5-11600KF @ 3.90GHz,13%,19741,219.95,
Intel Core i5-1250P,13%,19736,
Intel Core i9-10900E @ 2.80GHz,13%,19705,444.00*,
Intel Xeon E5-2682 v4 @ 2.50GHz,13%,19702,
Intel Core i9-9820X @ 3.30GHz,13%,19663,520.00,
Intel Xeon E5-2695 v4 @ 2.10GHz,13%,19656,540.45,
Intel Core i5-1340P,13%,19618,353.00*,
AMD EPYC 7252,13%,19616,374.99,
Intel Core i9-9900KS @ 4.00GHz,13%,19592,886.71,
AMD Ryzen 5 5500,13%,19575,98.00,
Intel Core i5-12400,13%,19556,192.00*,
Intel Xeon Gold 6244 @ 3.60GHz,13%,19500,2970.00*,
Intel Xeon W-2245 @ 3.90GHz,13%,19478,841.75*,
Intel Xeon E-2356G @ 3.20GHz,13%,19473,333.00*,
Intel Xeon Gold 6137 @ 3.90GHz,13%,19365,
Intel Xeon E-2386G @ 3.50GHz,13%,19339,482.00*,
AMD Ryzen 9 4900H,13%,19294,
AMD Ryzen 9 4900HS,13%,19250,
Intel Xeon W-1270P @ 3.80GHz,13%,19245,789.99,
Intel Xeon Silver 4309Y @ 2.80GHz,13%,19227,359.79,
Intel Xeon Gold 6126 @ 2.60GHz,13%,19223,353.77,
Intel Xeon Gold 6138 @ 2.00GHz,13%,19207,425.45,
Intel Core i7-10700K @ 3.80GHz,13%,19095,269.99,
AMD Ryzen 5 6600HS Creator Edition,13%,19087,
AMD Ryzen 5 6600H,13%,19070,
Intel Xeon W-1350 @ 3.30GHz,13%,19015,334.99,
Intel Xeon E5-2676 v4 @ 2.40GHz,13%,18978,
Intel Core i7-10700KF @ 3.80GHz,13%,18951,229.00,
Intel Xeon E5-2697 v3 @ 2.60GHz,13%,18946,184.45,
AMD Ryzen 5 5600GE,13%,18932,
AMD Ryzen 7 7730U,13%,18883,
Intel Xeon E5-2698 v3 @ 2.30GHz,12%,18836,729.95*,
Hygon C86 7255 16-core,12%,18831,
AMD Ryzen 7 4800H,12%,18830,
ARM Neoverse-N1 80 Core 2600 MHz,12%,18823,
Intel Xeon W-1290E @ 3.50GHz,12%,18786,500.00*,
AMD Ryzen 7 5800U,12%,18742,
AMD Ryzen 5 3600XT,12%,18713,132.39,
AMD Ryzen 7 4800HS,12%,18683,
Intel Xeon Gold 6144 @ 3.50GHz,12%,18656,2929.95,
Intel Xeon W-1270E @ 3.40GHz,12%,18635,367.00*,
AMD Ryzen 5 PRO 5650GE,12%,18562,
Intel Core i9-10900TE @ 1.80GHz,12%,18548,444.00*,
AMD Ryzen 7 5825U,12%,18537,
Intel Core i9-9900K @ 3.60GHz,12%,18536,447.00,
Intel Core i9-9900KF @ 3.60GHz,12%,18514,356.33,
AMD Ryzen 7 PRO 4750GE,12%,18497,
Intel Xeon W-1290T @ 1.90GHz,12%,18409,494.00*,
Intel Xeon D-2183IT @ 2.20GHz,12%,18385,1764.00*,
AMD Ryzen Embedded V3C48,12%,18361,
Intel Xeon W-11855M @ 3.20GHz,12%,18351,450.00*,
Intel Core i7-11850HE @ 2.60GHz,12%,18335,440.00*,
Intel Core i9-11900T @ 1.50GHz,12%,18276,439.00*,
AMD Ryzen 7 Extreme Edition,12%,18261,
AMD Ryzen 5 3600X,12%,18260,136.99,
Intel Xeon E7-8880 v3 @ 2.30GHz,12%,18244,133.00*,
Intel Xeon Silver 4214R @ 2.40GHz,12%,18242,599.25,
Intel Core i5-11600 @ 2.80GHz,12%,18196,245.98,
Intel Xeon E5-2686 v3 @ 2.00GHz,12%,18148,
Intel Core i5-12450H,12%,18133,311.00*,
Intel Xeon Gold 5120T @ 2.20GHz,12%,18127,1727.00*,
Intel Core i7-9800X @ 3.80GHz,12%,18113,302.22,
AMD 4700S,12%,18074,
Intel Xeon E5-2687W v4 @ 3.00GHz,12%,18070,417.45,
Intel Xeon D-2187NT @ 2.00GHz,12%,18070,1989.00*,
Intel Xeon W-2145 @ 3.70GHz,12%,18069,1224.67*,
Intel Xeon E5-2680 v4 @ 2.40GHz,12%,17977,256.19,
Intel Xeon E-2378 @ 2.60GHz,12%,17952,386.00*,
Intel Xeon W-1270 @ 3.40GHz,12%,17906,362.00*,
Intel Xeon D-1736NT @ 2.70GHz,12%,17826,
Intel Core i5-11500B @ 3.30GHz,12%,17801,
AMD Ryzen 5 3600,12%,17796,97.47,
AMD Ryzen 5 PRO 3600,12%,17723,
Intel Xeon Gold 5120 @ 2.20GHz,12%,17686,1561.00*,
AMD Ryzen 5 6600U,12%,17680,
AMD Ryzen 7 2700X,12%,17595,163.98,
Intel Xeon E5-2683 v4 @ 2.10GHz,12%,17537,379.00,
Intel Core i5-11500 @ 2.70GHz,12%,17516,238.33,
Intel Core i7-1270P,12%,17470,
AMD Ryzen 7 4980U Microsoft Surface Edition,12%,17469,
Intel Xeon E5-4669 v3 @ 2.10GHz,12%,17430,5400.00*,
Intel Xeon E-2288G @ 3.70GHz,12%,17418,539.00*,
Intel Core i5-1240P,11%,17381,
AMD Ryzen 7 PRO 5850U,11%,17375,
Intel Xeon W-3223 @ 3.50GHz,11%,17373,820.55*,
Intel Core i7-6950X @ 3.00GHz,11%,17360,342.61,
Intel Xeon W-2140B @ 3.20GHz,11%,17293,
Intel Core i7-1260P,11%,17254,
Intel Core i7-7820X @ 3.60GHz,11%,17224,499.73,
Intel Core i5-11400F @ 2.60GHz,11%,17204,129.57,
Apple M1 Pro 8 Core 3200 MHz,11%,17198,
AMD Ryzen 5 5600H,11%,17196,
AMD Ryzen Embedded V2748,11%,17166,
Intel Core i5-12600T,11%,17147,
Intel Core i5-12500T,11%,17126,202.00*,
Intel Core i5-11400 @ 2.60GHz,11%,17052,130.14,
Intel Xeon E5-2689 v4 @ 3.10GHz,11%,17040,
AMD Ryzen Threadripper 1900X,11%,17033,149.99,
AMD EPYC 7232P,11%,17017,372.41,
AMD Ryzen 7 4800U,11%,16969,
Intel Xeon E-2278G @ 3.40GHz,11%,16964,494.00*,
Intel Core i7-10700F @ 2.90GHz,11%,16922,192.08,
Intel Xeon E5-2680R v4 @ 2.40GHz,11%,16865,
AMD Ryzen 7 PRO 2700X,11%,16846,
Intel Core i9-9900 @ 3.10GHz,11%,16769,635.14,
Intel Core i7-10700 @ 2.90GHz,11%,16706,193.29,
Intel Xeon E-2336 @ 2.90GHz,11%,16673,350.99,
Intel Xeon Gold 6134 @ 3.20GHz,11%,16651,231.25,
AMD Ryzen 5 PRO 6650U,11%,16646,
Intel Xeon E5-2698B v3 @ 2.00GHz,11%,16633,
Intel Core i5-12500TE,11%,16584,205.00*,
AMD Ryzen 5 7530U,11%,16574,
Intel Core i5-12400T,11%,16552,169.99,
AMD Ryzen Embedded V2718,11%,16456,
Intel Xeon Silver 4214Y @ 2.20GHz,11%,16442,739.89,
Intel Xeon E5-2690 v3 @ 2.60GHz,11%,16422,41.99,
Intel Core i7-10700E @ 2.90GHz,11%,16418,330.00*,
AMD Ryzen 7 1800X,11%,16410,227.78,
Intel Xeon E5-2695 v3 @ 2.30GHz,11%,16400,177.03,
AMD Ryzen 5 PRO 4400G,11%,16354,
Intel Core i7-10700TE @ 2.00GHz,11%,16332,330.00*,
AMD Ryzen 5 PRO 4650G,11%,16318,115.88,
Intel Xeon Gold 5118 @ 2.30GHz,11%,16237,499.00,
AMD Ryzen 5 4500,11%,16197,79.00,
Intel Xeon E5-2669 v3 @ 2.30GHz,11%,16107,
Intel Xeon Silver 4214 @ 2.20GHz,11%,16074,549.31,
Intel Core i5-11500H @ 2.90GHz,11%,16059,250.00*,
Intel Xeon E5-2660 v4 @ 2.00GHz,11%,15974,59.00,
Intel Xeon W-11865MLE @ 1.50GHz,11%,15958,467.00*,
Intel Xeon W-10885M @ 2.40GHz,10%,15923,623.00*,
AMD Ryzen 7 4850U Mobile,10%,15920,
Intel Core i5-11400H @ 2.70GHz,10%,15909,250.00*,
Intel Core i9-10980HK @ 2.40GHz,10%,15898,583.00*,
Intel Xeon E-2278GE @ 3.30GHz,10%,15895,494.00*,
AMD Ryzen 7 5700U,10%,15865,
Intel Core i7-11700T @ 1.40GHz,10%,15860,323.00*,
AMD Ryzen 5 4600G,10%,15825,100.95,
Intel Xeon Gold 5117 @ 2.00GHz,10%,15816,
Intel Xeon D-2733NT @ 2.10GHz,10%,15799,800.00*,
AMD Ryzen 7 2700,10%,15748,126.24,
Intel Core i7-11600H @ 2.90GHz,10%,15745,395.00*,
Intel Core i5-11260H @ 2.60GHz,10%,15699,250.00*,
AMD Ryzen 7 PRO 1700X,10%,15695,
AMD Ryzen 7 1700X,10%,15687,106.50,
AMD Ryzen 5 4600GE,10%,15641,
AMD Ryzen 5 PRO 4650GE,10%,15613,
Intel Xeon Gold 5215 @ 2.50GHz,10%,15608,1125.00,
AMD Ryzen 7 PRO 5875U,10%,15592,
Intel Xeon D-1726 @ 2.90GHz,10%,15511,490.00*,
AMD Ryzen 5 5600U,10%,15441,
Intel Core i9-10885H @ 2.40GHz,10%,15437,556.00*,
Intel Xeon Gold 5217 @ 3.00GHz,10%,15429,1588.75,
Intel Xeon E5-4667 v3 @ 2.00GHz,10%,15397,5729.00*,
Intel Xeon E5-4660 v4 @ 2.20GHz,10%,15375,3609.00*,
Intel Core i3-13100F,10%,15360,118.99,
Apple M2 8 Core 3500 MHz,10%,15327,
Intel Xeon E5-2680 v3 @ 2.50GHz,10%,15313,186.45,
Intel Core i3-13100,10%,15302,136.02,
AMD Ryzen 7 PRO 4750U,10%,15275,
AMD Ryzen 7 PRO 2700,10%,15267,
Intel Core i7-10875H @ 2.30GHz,10%,15245,450.00*,
Intel Xeon Silver 4210R @ 2.40GHz,10%,15223,370.59,
AMD Ryzen 5 5560U,10%,15210,
Intel Xeon Silver 4116T @ 2.10GHz,10%,15187,1112.00*,
Intel Xeon E-2286M @ 2.40GHz,10%,15153,1373.18*,
Intel Core i9-10900T @ 1.90GHz,10%,15146,349.99*,
Intel Xeon D-2166NT @ 2.00GHz,10%,15105,1005.00*,
AMD Ryzen 5 PRO 5650U,10%,15067,
Intel Xeon Silver 4215R @ 3.20GHz,10%,15056,700.00,
Intel Xeon Silver 4116 @ 2.10GHz,10%,15052,476.35,
AMD Ryzen 5 5625U,10%,15030,
AMD EPYC 7301,10%,14991,1499.98*,
AMD EPYC 7251,10%,14935,392.00,
Intel Xeon E5-2699A v4 @ 2.40GHz,10%,14917,4938.00*,
Intel Core i3-12300,10%,14908,143.00*,
Intel Xeon E5-2658A v3 @ 2.20GHz,10%,14879,1832.00*,
Intel Xeon D-1733NT @ 2.00GHz,10%,14849,720.00*,
AMD Ryzen 7 1700,10%,14840,91.03,
Intel Xeon E5-1681 v3 @ 2.90GHz,10%,14820,
Intel Core i7-10870H @ 2.20GHz,10%,14814,417.00*,
AMD Ryzen 5 PRO 4400GE,10%,14795,
Intel Core i3-1220P,10%,14777,281.00*,
Intel Core i9-10880H @ 2.30GHz,10%,14736,
Intel Xeon E5-2687W v3 @ 3.10GHz,10%,14716,49.99,
Intel Core i5-11600T @ 1.70GHz,10%,14713,213.00*,
Intel Xeon E5-2678 v3 @ 2.50GHz,10%,14682,106.19*,
AMD Ryzen 7 2700E,10%,14657,
Intel Xeon Gold 5115 @ 2.40GHz,10%,14649,675.00,
AMD Ryzen 5 4600H,10%,14637,
Intel Xeon E5-2683 v3 @ 2.00GHz,10%,14596,449.95*,
Intel Core i7-9700K @ 3.60GHz,10%,14548,289.00,
AMD Ryzen 7 PRO 1700,10%,14501,
Intel Core i9-9980HK @ 2.40GHz,9%,14493,583.00*,
AMD Ryzen 5 PRO 5675U,9%,14482,
Intel Core i7-6900K @ 3.20GHz,9%,14467,160.00,
Intel Core i5-10600KF @ 4.10GHz,9%,14452,175.99,
Intel Core i5-10600K @ 4.10GHz,9%,14448,181.47,
AMD Ryzen 5 4600HS,9%,14445,
Intel Core i7-8086K @ 4.00GHz,9%,14444,363.90,
Intel Xeon W-1250P @ 4.10GHz,9%,14440,321.50*,
Intel Xeon Silver 4215 @ 2.50GHz,9%,14439,600.00,
Intel Xeon E5-2658 v4 @ 2.30GHz,9%,14434,
Intel Core i7-9700KF @ 3.60GHz,9%,14421,210.75,
Intel Xeon Silver 4123 @ 3.00GHz,9%,14405,
Intel Xeon W-2235 @ 3.80GHz,9%,14359,639.99,
Intel Xeon E5-2697 v2 @ 2.70GHz,9%,14334,181.19,
Intel Xeon E5-2696 v2 @ 2.50GHz,9%,14331,
Intel Xeon E5-2666 v3 @ 2.90GHz,9%,14324,
Intel Core i5-1240U,9%,14323,
Intel Core i3-12100F,9%,14322,120.09,
Intel Xeon E5-4660 v3 @ 2.10GHz,9%,14256,4800.00*,
Intel Xeon D-1732TE @ 1.90GHz,9%,14254,759.00*,
Intel Xeon E-2236 @ 3.40GHz,9%,14214,399.49,
Apple M1 8 Core 3200 MHz,9%,14207,
Intel Xeon W-2135 @ 3.70GHz,9%,14196,1007.70*,
Intel Xeon E5-2673 v3 @ 2.40GHz,9%,14132,700.00*,
Intel Xeon E5-2667 v4 @ 3.20GHz,9%,14072,718.95,
Intel Xeon E5-2650 v4 @ 2.20GHz,9%,14072,65.99,
Intel Xeon E-2246G @ 3.60GHz,9%,14050,311.00*,
AMD EPYC 3251,9%,13993,315.00*,
AMD Ryzen 5 2600X,9%,13980,211.99,
Intel Xeon E5-2676 v3 @ 2.40GHz,9%,13964,
Intel Xeon E-2186G @ 3.80GHz,9%,13940,429.99,
Intel Core i9-9880H @ 2.30GHz,9%,13939,556.00*,
Intel Xeon Silver 4210 @ 2.20GHz,9%,13908,373.66,
Intel Core i3-12300T,9%,13898,157.00*,
AMD Ryzen 3 PRO 5350G,9%,13898,
Intel Core i7-1255U,9%,13892,426.00*,
Intel Xeon W-1250E @ 3.50GHz,9%,13888,260.00*,
Intel Xeon E-2374G @ 3.70GHz,9%,13860,449.99,
Intel Core i3-12100,9%,13843,122.00*,
Intel Core i7-1365U,9%,13832,426.00*,
Intel Core i7-1265U,9%,13807,426.00*,
Intel Xeon E-2276G @ 3.80GHz,9%,13803,460.29*,
Intel Xeon E5-2670 v3 @ 2.30GHz,9%,13800,23.99,
Intel Xeon W-1250 @ 3.30GHz,9%,13799,364.99,
Intel Xeon E5-1680 v4 @ 3.40GHz,9%,13773,1498.95*,
Intel Core i5-10600 @ 3.30GHz,9%,13762,190.93,
Intel Core i7-8700K @ 3.70GHz,9%,13758,254.61,
AMD Ryzen 3 PRO 5350GE,9%,13685,
Intel Xeon E-2286G @ 4.00GHz,9%,13647,729.99*,
Intel Core i5-1235U,9%,13647,309.00*,
AMD Ryzen 3 5300GE,9%,13636,
Intel Xeon E-2176G @ 3.70GHz,9%,13631,356.75,
Intel Xeon Gold 6128 @ 3.40GHz,9%,13605,310.00,
Intel Xeon E5-2690 v2 @ 3.00GHz,9%,13555,73.99,
Intel Xeon W-1270TE @ 2.00GHz,9%,13553,367.00*,
Intel Core i9-9900T @ 2.10GHz,9%,13522,439.00*,
AMD Ryzen 7 4700U,9%,13513,
Intel Core i5-11500T @ 1.50GHz,9%,13502,192.00*,
AMD Ryzen 5 4600U,9%,13500,
Intel Xeon E5-2658 v3 @ 2.20GHz,9%,13487,
Intel Xeon E5-1660 v4 @ 3.20GHz,9%,13479,1494.00*,
Intel Xeon E-2136 @ 3.30GHz,9%,13411,341.39,
Intel Core i7-1250U,9%,13383,426.00*,
Intel Core i7-9700F @ 3.00GHz,9%,13371,190.25,
Intel Core i5-11400T @ 1.30GHz,9%,13354,182.00*,
Intel Core i7-9700 @ 3.00GHz,9%,13313,256.28,
Intel Core i5-1245U,9%,13293,309.00*,
Intel Xeon D-1581 @ 1.80GHz,9%,13282,
Intel Xeon E-2146G @ 3.50GHz,9%,13255,495.64,
AMD Ryzen 5 PRO 2600,9%,13250,
AMD Ryzen 5 3500X,9%,13239,109.99,
AMD Ryzen 5 2600,9%,13233,75.19,
AMD Ryzen Embedded V2516,9%,13225,
Intel Xeon E5-1680 v3 @ 3.20GHz,9%,13214,589.99*,
Intel Xeon E5-2695 v2 @ 2.40GHz,9%,13201,59.00,
Intel Xeon E-2334 @ 3.40GHz,9%,13189,342.99,
AMD Ryzen 5 5500U,9%,13169,
Intel Xeon D-2143IT @ 2.20GHz,9%,13107,566.00*,
Intel Xeon E5-2660 v3 @ 2.60GHz,9%,13098,69.99,
AMD Ryzen 5 1600X,9%,13069,89.99,
Intel Core i7-1260U,9%,13046,
AMD Ryzen 3 5300G,8%,13025,
Intel Xeon E5-4627 v4 @ 2.60GHz,8%,12969,999.99*,
Intel Core i7-8700 @ 3.20GHz,8%,12963,139.22,
Intel Core i3-12100TE,8%,12961,125.00*,
Intel Xeon E5-2685 v3 @ 2.60GHz,8%,12944,
Intel Core i3-12100T,8%,12939,122.00*,
Intel Xeon W-10855M @ 2.80GHz,8%,12936,450.00*,
Intel Core i7-7800X @ 3.50GHz,8%,12890,296.99,
Intel Core i7-10700T @ 2.00GHz,8%,12886,413.99*,
Intel Core i5-10500 @ 3.10GHz,8%,12884,147.72,
Intel Xeon Silver 4114 @ 2.20GHz,8%,12883,300.00,
AMD Ryzen 5 3500,8%,12827,189.99,
Intel Xeon E5-2618L v4 @ 2.20GHz,8%,12816,902.20*,
AMD Ryzen 5 PRO 4650U,8%,12787,
Intel Core i7-9700E @ 2.60GHz,8%,12751,323.00*,
Intel Xeon E5-1680 v2 @ 3.00GHz,8%,12710,
Intel Core i7-5960X @ 3.00GHz,8%,12707,154.19,
AMD Ryzen 3 3300X,8%,12696,151.51,
Intel Xeon E5-2680 v2 @ 2.80GHz,8%,12640,59.00,
Intel Xeon W-2133 @ 3.60GHz,8%,12580,617.00*,
Intel Xeon E5-2667 v3 @ 3.20GHz,8%,12557,1504.47*,
Intel Xeon E5-1660 v3 @ 3.00GHz,8%,12522,404.45,
Intel Xeon W-11555MLE @ 1.90GHz,8%,12505,348.00*,
Intel Xeon E5-2649 v3 @ 2.30GHz,8%,12399,
Intel Core i7-11375H @ 3.30GHz,8%,12371,482.00*,
Intel Core i5-10400F @ 2.90GHz,8%,12355,108.44,
AMD Ryzen 5 1600,8%,12305,66.74,
Intel Core i5-10400 @ 2.90GHz,8%,12257,89.99,
Intel Core i5-10505 @ 3.20GHz,8%,12251,
Intel Xeon E5-2667 v2 @ 3.30GHz,8%,12231,294.96,
Intel Xeon E5-2687W v2 @ 3.40GHz,8%,12163,406.19,
Intel Core i7-10750H @ 2.60GHz,8%,12140,
Intel Xeon E5-2673 v2 @ 3.30GHz,8%,12128,
Intel Xeon E5-2692 v2 @ 2.20GHz,8%,12119,
Intel Xeon D-2141I @ 2.20GHz,8%,12117,555.00*,
Intel Core i7-8700B @ 3.20GHz,8%,12098,303.00*,
AMD Ryzen 5 PRO 4500U,8%,12049,
Intel Xeon E-2278GEL @ 2.00GHz,8%,12024,494.00*,
Intel Core i7-10850H @ 2.70GHz,8%,12017,395.00*,
Intel Xeon E5-2675 v3 @ 1.80GHz,8%,11960,
Intel Xeon E5-2650 v3 @ 2.30GHz,8%,11880,15.99,
Intel Core i7-11370H @ 3.30GHz,8%,11878,426.00*,
AMD Ryzen 3 7330U,8%,11856,
Intel Xeon E5-2650L v3 @ 1.80GHz,8%,11803,1365.00*,
Snapdragon 8cx Gen 3 @ 3.0 GHz,8%,11786,
Intel Xeon E5-2663 v3 @ 2.80GHz,8%,11777,
Intel Xeon E5-2640 v4 @ 2.40GHz,8%,11739,409.19,
Intel Xeon D-2146NT @ 2.30GHz,8%,11736,641.00*,
AMD Ryzen 3 PRO 5450U,8%,11734,
Intel Xeon E5-2630 v4 @ 2.20GHz,8%,11702,14.99,
Intel Xeon E-2276M @ 2.80GHz,8%,11700,450.00*,
AMD Ryzen 3 3100,8%,11647,79.30,
Intel Xeon D-1577 @ 1.30GHz,8%,11645,1176.00*,
AMD Ryzen 3 5425U,8%,11619,
Intel Xeon E5-2648L v4 @ 1.80GHz,7%,11547,1662.70*,
Intel Xeon E5-1650 v4 @ 3.60GHz,7%,11540,435.45*,
Intel Xeon E5-4669 v4 @ 2.20GHz,7%,11523,
Intel Core i5-10500H @ 2.50GHz,7%,11508,250.00*,
Intel Xeon E5-2670 v2 @ 2.50GHz,7%,11497,39.00,
Intel Core i3-1215U,7%,11466,
Intel Xeon E-2186M @ 2.90GHz,7%,11437,623.00*,
Intel Xeon E5-2650L v4 @ 1.70GHz,7%,11436,700.00,
Intel Core i7-6850K @ 3.60GHz,7%,11396,129.99,
Intel Core i3-11100B @ 3.60GHz,7%,11357,
Intel Xeon E5-4657L v2 @ 2.40GHz,7%,11353,751.19*,
Intel Xeon E5-4627 v3 @ 2.60GHz,7%,11344,2400.00*,
Intel Xeon E5-2640 v3 @ 2.60GHz,7%,11343,39.00,
Intel Core i7-9850H @ 2.60GHz,7%,11339,1305.76*,
AMD Ryzen 3 PRO 5475U,7%,11337,
AMD Ryzen 3 PRO 4200G,7%,11315,
Intel Core i5-10600T @ 2.40GHz,7%,11210,213.00*,
AMD Ryzen 3 4300GE,7%,11209,
Intel Xeon Silver 4208 @ 2.10GHz,7%,11161,302.53,
AMD Ryzen 3 4100,7%,11148,69.00,
AMD Ryzen 3 5400U,7%,11137,
Intel Xeon E5-2643 v4 @ 3.40GHz,7%,11088,310.00,
Intel Core i3-1210U,7%,11087,
Intel Xeon Silver 4209T @ 2.20GHz,7%,11080,649.25*,
AMD Ryzen 3 PRO 4350GE,7%,11079,
Intel Xeon E5-2628L v4 @ 1.90GHz,7%,11079,1364.00*,
Intel Xeon E-2226G @ 3.40GHz,7%,11073,382.14,
Intel Xeon E5-4650 v2 @ 2.40GHz,7%,11064,498.95*,
Intel Core i7-9750H @ 2.60GHz,7%,11057,960.00*,
Intel Core i7-9750HF @ 2.60GHz,7%,11052,395.00*,
Intel Core i5-11300H @ 3.10GHz,7%,11050,309.00*,
Intel Core i7-1195G7 @ 2.90GHz,7%,11045,426.00*,
AMD Ryzen 5 4500U,7%,11044,
AMD Ryzen 3 4300G,7%,11003,124.00,
AMD Ryzen 3 PRO 4350G,7%,10986,
Intel Core i5-11320H @ 3.20GHz,7%,10973,309.00*,
AMD Ryzen 3 PRO 4200GE,7%,10930,
Intel Xeon E-2176M @ 2.70GHz,7%,10889,450.00*,
Intel Xeon E5-2618L v3 @ 2.30GHz,7%,10881,1029.95*,
Apple A12X Bionic,7%,10860,
Intel Core i5-1230U,7%,10859,309.00*,
Intel Xeon E5-4650 v3 @ 2.10GHz,7%,10838,3838.00*,
Intel Core i5-10500E @ 3.10GHz,7%,10827,195.00*,
Intel Core i5-9600KF @ 3.70GHz,7%,10807,151.78,
Intel Core i7-9700T @ 2.00GHz,7%,10786,323.00*,
Intel Core i7-6800K @ 3.40GHz,7%,10774,135.40,
Intel Core i5-9600K @ 3.70GHz,7%,10764,194.00,
Intel Xeon E-2126G @ 3.30GHz,7%,10747,339.99*,
Intel Core i7-9700TE @ 1.80GHz,7%,10740,323.00*,
Intel Core i9-8950HK @ 2.90GHz,7%,10737,583.00*,
Intel Core i7-1185G7E @ 2.80GHz,7%,10720,431.00*,
Intel Core i5-1245UE,7%,10700,312.00*,
Intel Xeon W-2225 @ 4.10GHz,7%,10685,605.52*,
Intel Xeon E5-2660 v2 @ 2.20GHz,7%,10656,65.33,
Intel Core i7-1185G7 @ 3.00GHz,7%,10633,426.00*,
Intel Xeon E-2324G @ 3.10GHz,7%,10603,279.99,
Intel Core i7-1265UE,7%,10573,472.00*,
Intel Core i7-11390H @ 3.40GHz,7%,10541,426.00*,
Intel Xeon E5-4620 v3 @ 2.00GHz,7%,10525,20.18*,
Intel Xeon E5-2658 v2 @ 2.40GHz,7%,10515,3604.00*,
Intel Xeon E5-2643 v3 @ 3.40GHz,7%,10506,758.51*,
Intel Xeon E5-2630L v4 @ 1.80GHz,7%,10484,1822.89*,
Intel Core i3-N305,7%,10475,309.00*,
Intel Xeon E5-2470 v2 @ 2.40GHz,7%,10449,200.45,
Intel Xeon D-1567 @ 2.10GHz,7%,10447,
Intel Xeon E5-1650 v3 @ 3.50GHz,7%,10444,138.51,
Intel Xeon E5-2630 v3 @ 2.40GHz,7%,10424,12.99,
Intel Core i7-1165G7 @ 2.80GHz,7%,10417,426.00*,
Intel Xeon E5-1660 v2 @ 3.70GHz,7%,10391,498.95,
Intel Xeon E5-4640 v3 @ 1.90GHz,7%,10372,
Intel Core i5-9600 @ 3.10GHz,7%,10364,144.39,
Intel Core i3-10325 @ 3.90GHz,7%,10354,190.10*,
Intel Xeon Silver 4109T @ 2.00GHz,7%,10348,692.02*,
Intel Core i7-8700T @ 2.40GHz,7%,10343,389.95,
AMD Ryzen 5 PRO 1600,7%,10336,
Intel Core i7-8850H @ 2.60GHz,7%,10313,395.00*,
Intel Core i7-5930K @ 3.50GHz,7%,10303,313.00*,
Intel Core i5-1155G7 @ 2.50GHz,7%,10288,309.00*,
Intel Core i5-9500F @ 3.00GHz,7%,10265,208.00,
Intel Core i5-8600K @ 3.60GHz,7%,10243,108.29,
Intel Core i5-10500T @ 2.30GHz,7%,10220,192.00*,
Intel Xeon D-1541 @ 2.10GHz,7%,10154,
Intel Core i7-4960X @ 3.60GHz,6%,10144,1250.00,
Intel Core i5-1145G7E @ 2.60GHz,6%,10098,312.00*,
AMD Ryzen 3 PRO 4450U,6%,10096,
Intel Core i5-1145G7 @ 2.60GHz,6%,10063,
Intel Core i3-10320 @ 3.80GHz,6%,10057,149.95,
Intel Xeon D-1540 @ 2.00GHz,6%,10040,
Intel Core i7-8750H @ 2.20GHz,6%,10030,395.00*,
Intel Xeon E5-2650 v2 @ 2.60GHz,6%,9992,39.00,
Intel Xeon Silver 4110 @ 2.10GHz,6%,9990,91.00,
Intel Xeon W-2125 @ 4.00GHz,6%,9986,564.95*,
Intel Core i5-1135G7 @ 2.40GHz,6%,9980,309.00*,
Intel Core i5-10500TE @ 2.30GHz,6%,9960,195.00*,
Intel Core i5-10400T @ 2.00GHz,6%,9957,182.00*,
Intel Xeon E5-2628L v3 @ 2.00GHz,6%,9949,
Intel Xeon E5-2687W @ 3.10GHz,6%,9949,590.45,
Intel Core i5-8600 @ 3.10GHz,6%,9947,128.59,
AMD Ryzen 3 5300U,6%,9933,
Intel Xeon E-2234 @ 3.60GHz,6%,9903,309.99,
Intel Core i3-1125G4 @ 2.00GHz,6%,9891,
Intel Core i7-5820K @ 3.30GHz,6%,9848,64.99,
Intel Core i7-10710U @ 1.10GHz,6%,9848,644.99*,
Intel Xeon E5-2648L v3 @ 1.80GHz,6%,9847,1549.00*,
Intel Core i7-7740X @ 4.30GHz,6%,9843,109.33,
Intel Core i7-1068NG7 @ 2.30GHz,6%,9834,426.00*,
Intel Core i5-1140G7 @ 1.10GHz,6%,9816,
Intel Xeon E-2244G @ 3.80GHz,6%,9794,334.73*,
Intel Xeon E5-2690 @ 2.90GHz,6%,9790,39.00,
Intel Core i5-9500 @ 3.00GHz,6%,9776,159.00,
Intel Xeon E5-2689 @ 2.60GHz,6%,9739,182.75*,
Intel Xeon E-2274G @ 4.00GHz,6%,9712,431.54*,
Intel Core i7-7700K @ 4.20GHz,6%,9665,194.93,
Intel Xeon E-2174G @ 3.80GHz,6%,9652,309.99,
AMD Ryzen 5 PRO 3350GE,6%,9643,
Hygon C86 3185 8-core,6%,9627,
Intel Xeon D-1718T @ 2.60GHz,6%,9610,314.00*,
AMD Ryzen 5 7520U,6%,9601,
Intel Core i5-8500 @ 3.00GHz,6%,9586,83.39,
Intel Xeon E5-4620 v2 @ 2.60GHz,6%,9540,91.00*,
Intel Core i5-9400F @ 2.90GHz,6%,9530,133.82,
AMD Ryzen 5 2500X,6%,9495,
Intel Core i5-9400 @ 2.90GHz,6%,9457,179.30,
Intel Core i3-10300 @ 3.70GHz,6%,9451,129.99,
Intel Xeon Gold 5222 @ 3.80GHz,6%,9436,1216.41,
Intel Xeon E5-2680 @ 2.70GHz,6%,9408,29.00,
Intel Core i7-4930K @ 3.40GHz,6%,9394,59.99,
Intel Core i5-9600T @ 2.30GHz,6%,9392,213.00*,
Intel Xeon E5-4655 v3 @ 2.90GHz,6%,9377,4616.00*,
Snapdragon 8 Gen2 Mobile Platform for Galaxy,6%,9362,
Intel Core i5-1038NG7 @ 2.00GHz,6%,9357,320.00*,
AMD Ryzen 5 PRO 3350G,6%,9347,
AMD Ryzen 5 3350GE,6%,9343,
Intel Xeon E-2144G @ 3.60GHz,6%,9322,331.84*,
Intel Xeon E5-1650 v2 @ 3.50GHz,6%,9321,238.02,
Intel Xeon E5-4627 v2 @ 3.30GHz,6%,9320,498.95*,
AMD Ryzen 5 3400G,6%,9316,135.99,
AMD Ryzen 5 PRO 1500,6%,9279,
AMD Ryzen 3 7320U,6%,9274,
Intel Core i5-1145GRE @ 2.60GHz,6%,9272,362.00*,
Intel Core i5-8400 @ 2.80GHz,6%,9255,130.56,
Intel Xeon E5-2620 v4 @ 2.10GHz,6%,9232,102.52,
Intel Xeon D-1587 @ 1.70GHz,6%,9223,
Intel Xeon E3-1275 v6 @ 3.80GHz,6%,9213,367.03,
AMD Ryzen 5 PRO 3400G,6%,9212,
Intel Xeon E5-2651 v2 @ 1.80GHz,6%,9211,278.10*,
Intel Core i7-1160G7 @ 1.20GHz,6%,9204,426.00*,
Intel Core i3-1215UE,6%,9159,313.00*,
Intel Core i7-1185GRE @ 2.80GHz,6%,9142,
Intel Xeon E5-2629 v3 @ 2.40GHz,6%,9139,499.88*,
Intel Xeon E5-2643 v2 @ 3.50GHz,6%,9134,398.95,
Intel Core i7-9850HL @ 1.90GHz,6%,9112,395.00*,
Intel Core i3-10305 @ 3.80GHz,6%,9108,214.96,
AMD Ryzen 5 1500X,6%,9105,125.34,
Intel Xeon D-1715TER @ 2.40GHz,6%,9104,285.00*,
Intel Core i5-8500B @ 3.00GHz,6%,9104,192.00*,
AMD Ryzen 5 3350G,6%,9099,
Intel Xeon D-1548 @ 2.00GHz,6%,9075,555.00*,
Intel Core i3-10105F @ 3.70GHz,6%,9074,74.90,
Intel Xeon E5-4648 v3 @ 1.70GHz,6%,9061,
Intel Xeon E5-2450 v2 @ 2.50GHz,6%,9060,291.95,
Intel Core i5-9500TE @ 2.20GHz,6%,9028,192.00*,
Intel Xeon E-2134 @ 3.50GHz,6%,8960,184.66,
Intel Core i7-6700K @ 4.00GHz,6%,8944,102.80,
Intel Xeon E5-2670 @ 2.60GHz,6%,8943,192.00,
Intel Xeon E3-1280 v6 @ 3.90GHz,6%,8940,550.00,
Intel Xeon E3-1270 v6 @ 3.80GHz,6%,8940,224.34,
Intel Core i5-1130G7 @ 1.10GHz,6%,8907,309.00*,
AMD Ryzen 5 3400GE,6%,8892,355.40,
Intel Core i5-3170K @ 3.20GHz,6%,8882,
Intel Xeon E5-2630L v3 @ 1.80GHz,6%,8869,79.00*,
Intel Core i3-10100F @ 3.60GHz,6%,8839,74.00,
Intel Xeon E5-2648L v2 @ 1.90GHz,6%,8828,945.00*,
Intel Pentium Gold 8505,6%,8824,
Intel Xeon Gold 5122 @ 3.60GHz,6%,8786,514.00,
Intel Core i5-10400H @ 2.60GHz,6%,8774,250.00*,
Intel Core i5-8600T @ 2.30GHz,6%,8751,199.99*,
AMD Ryzen 5 2400G,6%,8740,195.00,
Intel Xeon Silver 4108 @ 1.80GHz,6%,8736,168.88,
Intel Core i3-10100 @ 3.60GHz,6%,8723,102.00,
Intel Core i7-8559U @ 2.70GHz,6%,8700,617.00*,
Intel Xeon E3-1240 v6 @ 3.70GHz,5%,8696,313.29,
ARM X-Gene 32 Core 3300 MHz,5%,8684,
Intel Core i3-10105 @ 3.70GHz,5%,8678,109.99,
Intel Xeon E3-1245 v6 @ 3.70GHz,5%,8666,589.95,
Intel Core i7-7700 @ 3.60GHz,5%,8658,106.71,
Intel Core i7-8809G @ 3.10GHz,5%,8646,
Intel Xeon W-2223 @ 3.60GHz,5%,8636,341.99,
Intel Atom C5125,5%,8631,299.00*,
Intel Xeon E5-4650 @ 2.70GHz,5%,8630,49.00,
Intel Core i5-10300H @ 2.50GHz,5%,8582,250.00*,
Intel Core i5-1035G7 @ 1.20GHz,5%,8574,320.00*,
AMD EPYC 3201,5%,8545,
Intel Xeon E3-1285 v6 @ 4.10GHz,5%,8536,949.95,
Apple A14 Bionic,5%,8519,
Intel Xeon W-2123 @ 3.60GHz,5%,8510,427.11*,
AMD Ryzen Embedded V1807B,5%,8491,
Intel Core i7-1065G7 @ 1.30GHz,5%,8487,426.00*,
Intel Xeon E5-4650L @ 2.60GHz,5%,8472,58.87*,
Intel Xeon E3-1275 v5 @ 3.60GHz,5%,8461,224.89,
Intel Core i7-3960X @ 3.30GHz,5%,8450,157.88,
Intel Xeon E5-2628 v3 @ 2.50GHz,5%,8447,
Intel Core i7-8569U @ 2.80GHz,5%,8431,431.00*,
Intel Xeon E5-1660 @ 3.30GHz,5%,8429,267.19,
Intel Xeon E5-2665 @ 2.40GHz,5%,8424,12.99,
AMD Ryzen 5 PRO 2400G,5%,8414,
Intel Core i7-3970X @ 3.50GHz,5%,8408,178.25,
Intel Xeon E3-1585 v5 @ 3.50GHz,5%,8408,556.00*,
Intel Core i7-1180G7 @ 1.30GHz,5%,8406,426.00*,
Intel Xeon E3-1280 v5 @ 3.70GHz,5%,8377,1512.00,
Intel Xeon E3-1270 v5 @ 3.60GHz,5%,8342,218.32,
AMD Opteron 6386 SE,5%,8320,800.10,
Intel Core i5-10200H @ 2.40GHz,5%,8319,250.00*,
Intel Xeon E5-2470 @ 2.30GHz,5%,8296,129.00,
Intel Xeon E3-1240 v5 @ 3.50GHz,5%,8286,171.60,
AMD Ryzen 5 PRO 3400GE,5%,8272,
Intel Xeon E-2314 @ 2.80GHz,5%,8256,195.00*,
Intel Core i7-3930K @ 3.20GHz,5%,8253,42.99,
Intel Core i5-9500T @ 2.20GHz,5%,8240,192.00*,
Intel Core i5-9400H @ 2.50GHz,5%,8230,250.00*,
Intel Core i3-10100E @ 3.20GHz,5%,8229,125.00*,
AMD Ryzen 7 3750H,5%,8221,
AMD Ryzen Embedded V1756B,5%,8216,
Intel Xeon E3-1260L v5 @ 2.90GHz,5%,8208,258.70*,
Intel Core i3-10300T @ 3.00GHz,5%,8205,193.97*,
ARM X-Gene 32 Core 3000 MHz,5%,8202,
Intel Xeon E3-1230 v6 @ 3.50GHz,5%,8194,238.99,
Intel Core i7-10810U @ 1.10GHz,5%,8175,443.00*,
Intel Xeon E-2276ME @ 2.80GHz,5%,8167,450.00*,
Intel Xeon E3-1535M v6 @ 3.10GHz,5%,8145,623.00*,
Intel Xeon E5-2660 @ 2.20GHz,5%,8140,29.64,
Intel Core i3-10305T @ 3.00GHz,5%,8136,143.00*,
Intel Core i7-8706G @ 3.10GHz,5%,8128,
Intel Core i5-9400T @ 1.80GHz,5%,8123,182.00*,
Intel Xeon E5-1650 @ 3.20GHz,5%,8100,104.00,
Intel Core i7-6700 @ 3.40GHz,5%,8082,113.00,
Intel Xeon E3-1285L v4 @ 3.40GHz,5%,8074,1091.00,
AMD Athlon Gold PRO 4150GE,5%,8070,
Intel Core i5-8259U @ 2.30GHz,5%,8067,519.99*,
Intel Core i5-8269U @ 2.60GHz,5%,8055,320.00*,
Intel Core i7-4790K @ 4.00GHz,5%,8054,139.99,
Intel Core i5-1035G4 @ 1.10GHz,5%,8035,309.00*,
AMD Opteron 6348,5%,8030,1000.10,
Intel Xeon E3-1245 v5 @ 3.50GHz,5%,8023,356.84,
Intel Xeon E3-1585L v5 @ 3.00GHz,5%,8021,445.00*,
Intel Core i7-8557U @ 1.70GHz,5%,8003,431.00*,
Intel Xeon E3-1230 v5 @ 3.40GHz,5%,7982,160.34,
Intel Xeon E3-1545M v5 @ 2.90GHz,5%,7976,
Intel Core i5-8400H @ 2.50GHz,5%,7973,250.00*,
CentaurHauls @2500MHz,5%,7969,
Intel Core i3-10105T @ 3.00GHz,5%,7967,122.00*,
Intel Xeon E3-1515M v5 @ 2.80GHz,5%,7938,
Intel Core i7-8709G @ 3.10GHz,5%,7926,
AMD Ryzen 5 3550H,5%,7896,
AMD Ryzen 5 2600H,5%,7876,
Intel Xeon E5-2620 v3 @ 2.40GHz,5%,7854,229.95,
Intel Xeon E3-1575M v5 @ 3.00GHz,5%,7846,1207.00*,
Intel Xeon E5-2640 v2 @ 2.00GHz,5%,7820,39.00,
Intel Core i7-8705G @ 3.10GHz,5%,7791,1535.11*,
Intel Core i5-8279U @ 2.40GHz,5%,7789,320.00*,
Intel Core i7-5775R @ 3.30GHz,5%,7776,
AMD Ryzen 5 1400,5%,7756,142.20,
Intel Core i5-8500T @ 2.10GHz,5%,7751,265.99*,
Intel Core i5-8260U @ 1.60GHz,5%,7747,439.99*,
Intel Core i3-9350K @ 4.00GHz,5%,7722,293.22*,
Intel Core i5-9300H @ 2.40GHz,5%,7713,250.00*,
Intel Xeon E3-1285 v4 @ 3.50GHz,5%,7712,
AMD Athlon Gold PRO 3150G,5%,7702,
Intel Core i7-5950HQ @ 2.90GHz,5%,7696,
AMD Ryzen 5 3550U,5%,7681,
Intel Xeon E3-1270L v4 @ 3.00GHz,5%,7662,
AMD EPYC 3151,5%,7660,
AMD Ryzen 7 2800H,5%,7656,
Intel Xeon E5-1630 v4 @ 3.70GHz,5%,7644,
Intel Core i7-5775C @ 3.30GHz,5%,7638,174.85,
Intel Xeon E-2224G @ 3.50GHz,5%,7637,268.02*,
Intel Core i5-8257U @ 1.40GHz,5%,7631,320.00*,
MediaTek MT6895,5%,7604,
Qualcomm Technologies Inc KO,-IOT,5%,7592,
AMD Ryzen 3 2300X,5%,7587,178.09*,
Intel Core i3-9350KF @ 4.00GHz,5%,7566,104.03,
MediaTek MT6983,5%,7564,
Intel Core i5-1035G1 @ 1.00GHz,5%,7548,297.00*,
Intel Core i7-7700T @ 2.90GHz,5%,7547,224.96,
Intel Xeon E3-1271 v3 @ 3.60GHz,5%,7543,123.50,
Intel Xeon E5-2450 @ 2.10GHz,5%,7530,64.03,
Intel Core i5-9300HF @ 2.40GHz,5%,7523,250.00*,
Intel Core i5-8400T @ 1.70GHz,5%,7507,239.84*,
Intel Xeon E3-1535M v5 @ 2.90GHz,5%,7506,623.00*,
AMD Ryzen 3 4300U,5%,7506,
Intel Core i7-7820HK @ 2.90GHz,5%,7505,378.00*,
Intel Core i5-8300H @ 2.30GHz,5%,7504,250.00*,
Intel Xeon D-1531 @ 2.20GHz,5%,7483,348.00*,
Intel Xeon E5-2667 @ 2.90GHz,5%,7477,97.19,
Intel Xeon E5-2630 v2 @ 2.60GHz,5%,7473,12.99,
AMD Ryzen 5 2400GE,5%,7472,
AMD Ryzen 5 PRO 2400GE,5%,7471,
Intel Xeon E-2124G @ 3.40GHz,5%,7468,284.77,
Intel Xeon E3-1281 v3 @ 3.70GHz,5%,7463,546.25,
Intel Xeon E5-2637 v3 @ 3.50GHz,5%,7455,49.99,
Intel Core i7-7820EQ @ 3.00GHz,5%,7453,378.00*,
Intel Xeon E5-2650L v2 @ 1.70GHz,5%,7450,130.00,
Intel Xeon E5-2608L v4 @ 1.60GHz,5%,7447,363.00*,
Intel Core i7-7920HQ @ 3.10GHz,5%,7422,568.00*,
Intel Xeon E5-1630 v3 @ 3.70GHz,5%,7419,1354.00*,
Intel Xeon E3-1286 v3 @ 3.70GHz,5%,7418,839.00*,
